Facial Oils for Acne Prone Skin,Price ($),Rating,#Reviews,Ingredients
Sunday Riley UFO Ultra-Clarifying Face Oil,40,4.3,3767,"Silybum Marianum (Milk Thistle) Seed Oil, Nigella Sativa (Black Cumin) Seed Oil, Cucumis Sativus (Cucumber) Seed Oil, Diisopropyl Sebacate, Punica Granatum (Pomegranate) Seed Oil, Vaccinium Macrocarpon (Cranberry) Seed Oil, Dimethyl Isosorbide, Linum Usitatissimum (Flax) Seed Oil, Caprylic/Capric Triglycerides, Ethyl Linoleate, Hexylresorcinol, Glycyrrhiza Glabra (Licorice) Root Extract, Salicylic Acid, Prunus Armeniaca (Apricot) Kernel Oil, Chamomilla Recutita Flower Oil, Citrus Aurantium Amara (Neroli) Flower Oil, Melaleuca Alternifolia (Tea Tree) Leaf Oil, Helianthus Annuus Seed Oil, Rosmarinus Officinalis (Rosemary) Leaf Extract, Citrus Paradisii (Grapefruit) Peel Oil, Melia Azadirachta (Neem) Leaf Extract, Melia Azadirachta (Neem) Flower Extract, Coccinia Indica Fruit Extract, Amino Esters-1, Amber Leaf Extract, Solanum Melongena (Eggplant) Fruit Extract, Aloe Barbadensis Flower Extract, Lawsonia Inermis (Henna) Extract, Ocimum Sanctum Leaf Extract, Ocimum Basilicum (Basil) Leaf Extract, Curcuma Longa (Turmeric) Root Extract, Corallina Officinalis Extract, Simmondsia Chinensis (Jojoba) Seed Oil, Pearl Powder, Moringa Pterygosperma Seed Oil."
Trilogy Certified Organic Rosehip Oil ,29,4.6,109,Rosa Canina (Rosehip) Seed Oil
Herbivore Botanicals Lapis Facial Oil ,72,4.4,947,"Squalane, Simmondsia Chinensis (Jojoba) Seed Oil, Capric Triglycerides (Fractionated Coconut Oil), Aleurites Moluccana (Kukui) Nut Oil, Tocopherol (Vitamin E), Tanacetum annuum (Blue Tansy) Leaf Oil, Jasminum Sambac (Jasmine) Absolute, Rosa Damascena (Moroccan Rose) Absolute"
Burt's Bees Complete Nourishment Facial Oil ,19.99,4.2,177,"Rosa Canina Seed Extract (Rosehip Seed Extract), Simmondsia Chinensis (Jojoba) Seed Oil, Fragrance (Natural Fragrance), Oenothera Biennis (Evening Primrose) Seed Extract, Borago Officinalis Seed Oil, Triticum Vulgare (Wheat) Germ Oil, Corylus Avellana (Hazel) Seed Oil, Tocopherol, Calendula Officinalis Flower Oil, Camellia Sinensis Leaf Extract, Helianthus Annuus (Sunflower) Seed Oil, Rosmarinus Officinalis (Rosemary) Leaf Extract, Beta-Carotene, Canola Oil, Glycine Soja (Soybean) Oil, Ascorbyl Palmitate, Retinyl Palmitate, Limonene, Linalool"
Skinowl Maqui Berry Beauty Drops PM,85,5,2,"Raw-Organic-cold-pressed African Adansonia digitata (Baobab) Oil, Pure Aristotelia chilensis (Maqui Berry) Oil, Vanilla planifolia (vanilla) Co2 extract, Citrus reticulata (tangerine) oil"
The Body Shop Tea Tree Oil ,7,4.4,1874,"Aqua, Alcohol Denat., Polysorbate 60, Melaleuca Alternifolia Leaf Oil, Limonene, Calophyllum Inophyllum Seed Oil, Citral, Citronellol, Leptospermum Petersonii Oil, Tocopherol."
African Botanics Neroli-Infused Marula Oil*,120,4.4,5,"Sclerocarya Birrea (Marula) Seed Oil**, Citrus Aurantium (Neroli) Flower Extract, Parfum (Natural)*, Linalool*, Benzyl Alcohol*, Tocopherol (Vitamin E), Citronellol*, Hexyl Cinnamal*, Hydroxycitronellal*"
Jurlique Balancing Facial Oil ,50,4.7,14,"Carthamus tinctorius (Safflower) Seed Oil, Caprylic/Capric Triglyceride, Persea gratissima (Avocado) Oil, Macadamia ternifolia Seed Oil, Rosa canina Fruit Oil, Simmondsia chinensis (Jojoba) Seed Oil, Butyrospermum parkii (Shea) Butter, Oenotherabiennis (Evening Primrose) Oil, Glycine Soja (Soybean) Oil, Chamomilla recutita (Matricaria) Flower Extract, Calendula officinalis Flower Extract, Althaea officinalis Root Extract, Rosa gallica Flower Extract, Bellis perennis (Daisy) Flower Extract, Echinacea purpurea Extract, Viola odorata Extract, Viola tricolor Extract, Symphytum officinale Leaf Extract, Daucus carota sativa (Carrot) Root Extract, Tocopherol, Retinyl Palmitate, Beta-Carotene, Fragrance (Parfum)*, Benzyl Alcohol*, Cinnamyl Alcohol*, Citral*, Eugenol*, Coumarin*, Benzyl Salicylate*, Geraniol*, Linalool*, Benzyl Benzoate*, Citronellol*, Hexylcinnamal*, Limonene*"
Derma E Rejuvenating Sage & Lavender Face Oil ,16.5,4.3,3,"Organic Helianthus Annuus (Sunflower) Seed Oil*, Ethylhexyl Palmitate, Organic Simmondsia Chinensis (Jojoba) Seed Oil*, Organic Cocos Nucifera (Coconut) Oil*, Moringa Oleifera Seed Oil, Sclerocarya Birrea (Marula) Seed Oil, Salvia Sclarea (Clary Sage) Oil, Organic Hippophae Rhamnoides (Seabuckthorn) Fruit Oil*, Tocopheryl Acetate (Vitamin E), Lavandula Hybrida (Lavandin) Oil, Natural Fragrance Oils."
Acure Marula Oil ,15.99,4.7,45,Marula Oil
Leven Rose Cold Pressed Unrefined Jojoba Oil,13.97,5,51,100% pure-unrefined-organic-cold-pressed Jojoba Oil - Simmondsia Chinensis
Timeless Skin Care Squalene,9.95,4.7,9,100% Pure olive derived squalane.
RMS Beauty Oil ,78,5,5,"*Golden Simmondsia Chinensis (Jojoba) Seed Oil, *Rosa Mosqueta (Rosehip) Seed Oil, Herbs Infused in *Golden Simmondsia Chinensis (Jojoba) Seed Oil: *Hypericum Perforatum (St. John’s Wort), *Equisetum Arvense (Horsetail), *Calendula Officinalis (Marigold), *Hemidesmus Indicus (Country Sarsaparilla), *Curcuma Longa (Turmeric), *Withania Somnifara (Ashwagandha),*Glycyrrhiza Glabia (Licorice), *Olea Europaea (Olive Leaf), **Buriti (Mauritia Flexuosa) Oil, *Calophyllum Inophyllum (Tamanu) Seed Oil, Tocopherol (non-GMO), *Vanilla Planifolia (Vanilla) Extract "
Tata Harper Retinoic Nutrient Face Oil ,125,4.5,29,"Rosa Rubiginosa Seed Oil*, Olea Europaea (Olive) Oil*, Simmondsia Chinensis (Jojoba) Seed Oil*, Prunus armeniaca (Apricot) Kernel Oil*, Sambucus Nigra Fruit Extract, Calendula officinalis (Calendula) Flower Extract*, Borago officinalis (Borage) Leaf Extract, Medicago sativa (Alfalfa) Extract*, Arnica montana (Arnica) Extract*, Tilia europaea (Linden) Leaf & Flower Extract*, Aroma**, Benzyl Alcohol, Citral, Citronellol, Geraniol, Limonene, Linalool"
Éminence Organic Skin Care Facial Recovery Oil,72,5,3,"Olive Oil, Sesame Oil , Sage Leaf Extract, Coriander Extract, Tea Tree Oil, Tocopherol (Vitamin E), Rue Extract, Eucalyptus Oil, Rosemary Oil, Ylang Ylang Oil, Clary Sage Oil, Olive Oil, Sesame Oil , Sage Leaf Extract, Coriander Extract, Tea Tree Oil, Tocopherol (Vitamin E), Rue Extract, Eucalyptus Oil, Rosemary Oil, Ylang Ylang Oil, Clary Sage Oil."
Pai Rosehip BioRegenerate Oil,40,4.3,13,"Rosa Canina Seed Extract* - Rosehip Seed Extract, Rosa Canina Fruit Extract* - Rosehip Fruit Extract, Tocopherol - Natural Vitamin E, Rosmarinus Officinalis Leaf Extract* - Rosemary Extract "
John Masters Organics Pomegranate Facial Nourishing Oil,30,4.8,13,"Helianthus Annuus (Sunflower) Seed Oil*, Lavandula Angustifolia (Lavender) Oil*, Rosmarinus Officinalis (Rosemary) Leaf/Stem Oil*, Punica Granatum Seed Oil (Pomegranate)*, Oenothera Biennis (Evening Primrose) Oil*, Olea Europaea (Olive) Fruit Oil*, Cananga Odorata Flower Oil (Ylang Ylang)*, Salvia Sclarea Oil (Sage Clary)*, Pelargonium Graveolens Flower Oil (Geranium)*, Citrus Reticulata (Tangerine) Peel Oil*, Citrus Aurantium Amara (Bitter Orange) Leaf/Twig Oil*, Linalool †, Limonene †, Geraniol †"
Dr. Hauschka Clarifying Day Oil,45,4.3,12,"Anthyllis Vulneraria Extract, Prunus Armeniaca (Apricot) Kernel Oil, Prunus Amygdalus Dulcis (Sweet Almond) Oil, Arachis Hypogaea (Peanut) Oil, Daucus Carota Sativa (Carrot) Root Extract, Hypericum Perforatum Flower/Leaf/Stem Extract, Helianthus Annuus (Sunflower) Seed Oil, Calendula Officinalis Flower Extract, Triticum Vulgare (Wheat) Germ Oil, Melia Azadirachta Leaf Extract, Simmondsia Chinensis (Jojoba) Seed Oil, Triticum Vulgare (Wheat) Bran Extract, Fragrance (Parfum), Linalool, Citronellol, Citral, Geraniol, Farnesol, Benzyl Benzoate, Limonene, Eugenol, Benzyl Salicylate, Lecithin, Theobroma Cacao (Cocoa) Seed Butter."
tarte Maracuja Oil,48,4.4,29388,"Passiflora Edulis Seed Oil, Tocopherol."
Josie Maran Argan Oil,49,4.4,11019,Organic Argania Spinosa (Argan) Kernel Oil
fresh Seaberry Moisturizing Face Oil,53,4.4,2054,"Vitis Vinifera (Grape) Seed Oil, Camellia Oleifera Seed Oil, Prunus Amygdalus Dulcis (Sweet Almond) Oil, Hippophae Rhamnoides Oil, Ros- marinus Officinalis (Rosemary) Leaf Extract, Vaccinium Macrocarpon (Cran- berry) Seed Oil, Tocopheryl Acetate, Tocopherol, Ascorbyl Tetraisopalmitate, Parfum (Fragrance), BHT, Linalool, Limonene, Citral, Coumarin, Geraniol."
Boots Botanics Organics Facial Oil,17.99,4.2,553,"Prunus Amygdalus Dulcis (Sweet Almond) Oil, Argania Spinosa Kernel Oil, Rosa Canina Fruit Oil, Limonene, Citronellol, Pelargonium Graveolens Leaf Oil, Geraniol, Citrus Aurantium Sinensis Peel Extract, Linalool, Citrus Aurantium Bergamia (Bergamot) Fruit Oil, Citral, Citrus Limon (Lemon) Peel Oil"
"Rosehip Seed Oil by Kate Blanc. USDA Certified Organic, 100% Pure, Cold Pressed,",13.95,4.6,25,Rose Hip Seed Oil
Sunday Riley Luna Sleeping Night Oil,55,4.3,7391,"Persea Gratissima (Extra Virgin-Cold Pressed Avocado) Oil, Vitis Vinifera (Organic-Cold Pressed Concord Grape) Seed Oil, Rubus Fruticosus (Cold Pressed Blackberry) Seed Oil, Salvia Hispanica (Cold Pressed Chia) Oil, Dimethyl Isosorbide, Hydroxypinacolone Retinoate, Chamomilla Recutita (Matricaria) Flower Oil, Tanecetum annuum (Blue Tansy) oil, Anthemis nobilis (English Chamomile) oil, Eriocephalus punctulatus (Cape Chamomile) oil, Citrus Aurantium Amara (Neroli) Oil, Citrus Aurantium Dulcis (Blood Orange) oil, Cananga Odorata Flower (Ylang Ylang) Oil, Vetivera zizanoides (Vetiver) oil, Helianthus Annuus (Sunflower) Seed Oil, Rosmarinus officinalis (Rosemary) Leaf Extract, CI 61565 (Green 6), CI 60725 (Violet 2)."
Josie Maran Argan Oil,17,4.4,11057,Argan Oil
THE BODY SHOP® Oils Of Life™ Intensely Revitalizing Facial Oil,39,4.2,2673,"Caprylic/Capric Triglyceride, Olea Europaea Fruit Oil, Simmondsia Chinensis Seed Oil, Camelina Sativa Seed Oil, Rosa Canina Fruit Oil, Camellia Oleifera Seed Oil, Nigella Sativa Seed Oil, Parfum, Tocopherol, Pentaerythrityl Tetra-Di-t-Butyl Hydroxyhydrocinnamate, Limonene, Linalool, Citronellol, Geraniol, Pelargonium Graveolens Flower Oil, Rosmarinus Officinalis Leaf Oil, Origanum Majorana Leaf Oil, Anthemis Nobilis Flower Oil, Coumarin, Lavandula Angustifolia Oil, Lavandula Hybrida Oil, Citral, Citrus Aurantium Dulcis Peel Oil"
The Ordinary. 100% Organic Cold-Pressed Rose Hip Seed Oil,9.8,4.5,1641,Rose Hip Seed Oil
Sunday Riley Juno Antioxidant And Superfood Face Oil,36,4.5,806,"Rubus Fruticosus (Cold Pressed Blackberry) Seed Oil, Vaccinium Corymbosum (Cold Pressed Blueberry) Seed Oil, Vitis Vinifera (Cold Pressed Chardonnay Grape Seed Oil) Seed Oil, Vaccinium Macrocarpon (Cold Pressed Cranberry) Seed Oil, Rubus Idaeus (Cold Pressed Red Raspberry) Seed Oil, Daucus Carota Sativa (Cold Pressed Wild Carrot) Seed Oil, Nigella Sativa (Cold Pressed Black Cumin) Seed Oil, Brassica Oleracea Italic (Cold Pressed Broccoli) Seed Oil, Limnanthes Alba (Meadowfoam) Seed Oil"
KORRES WILD ROSE Advanced Brightening & Nourishing Face Oil,54,4.5,630,"Isoamyl Laurate, Caprylic/Capric Triglyceride, Prunus Armeniaca (Apricot) Kernel Oil, Squalane, Helianthus Annuus (Sunflower) Seed Oil, Ascorbyl Tetraisopalmitate, Dimethyl Isosorbide, Rosa Canina Fruit Oil, Rosa Gallica Flower Powder, Alcohol Denat., Alpha-Isomethyl Ionone, Water, Benzyl Alcohol, Benzyl Benzoate, Benzyl Salicylate, Bisabolol, Butylphenyl Methylpropional, Citronellol, Eugenol, Geraniol, Glyceryl Caprylate, Hexyl Cinnamal, Hydroxyisohexyl 3-Cyclohexene Carboxaldehyde, Fragrance, Physalis Angulata Extract, Tocopherol, Tocopheryl Acetate, Zingiber Officinale (Ginger) Root Extract."
Origins High-potency Night-a-mins™ Skin Refining Oil,41,4.4,386,"Caprylic/Capric Triglyceride , Dimethicone , Neopentyl Glycol Diheptanoate , Octyldodecanol , Trisiloxane , Olea Europaea (Olive) Fruit Oil , Tricaprylin , Citrus Aurantium Dulcis (Orange) Peel Oil*, Citrus Aurantium Dulcis (Orange) Flower Oil*, Cinnamomum Cassia Leaf Oil*, Ferula Galbaniflua (Galbanum) Resin Oil*, Citrus Aurantium Amara (Bitter Orange) Peel Extract, Vanilla Planifolia Fruit Extract, Valeriana Officinalis Rhizome/Root Extract, Citrus Aurantium Dulcis (Orange) Juice, Limonene, Linalool, Citral , Triticum Vulgare (Wheat) Germ Extract , Barley Extract , Salvia Sclarea (Clary) Extract , Coffea Arabica (Coffee) Seed Extract , Oxycoccus Palustris (Cranberry) Seed Oil , Prunus Armeniaca (Apricot) Kernel Oil , Tocopheryl Acetate , Silybum Marianum Seed Oil , Linoleic Acid , Salicylic Acid , Cholesterol , Phytosterols , Squalane , Tetrahexyldecyl Ascorbate , BHT"
Marula Pure Marula Facial Oil,72,4.3,354,Marula Oil
Pacifica Super Flower Rapid Response Face Oil,16,4.3,264,"helianthus annuus (sunflower) seed oil, carthamus tinctorius (safflower) seed oil, simmondsia chinensis (jojoba) seed oil, tanacetumannuum (blue tansy) leaf oil, rosa canina fruit oil, argania spinsosa (argan) oil, tocopherol acetate (vitamin E), rosa centifolia flower (rose) extract, parfum (natural)"
GLAMGLOW® Starpotion™ Liquid Charcoal Clarifying Oil,54,4.2,261,"Helianthus Annuus (Sunflower) Seed Oil, Heptyl Undecylenate, Isostearyl Linoleate, Dextrin Palmitate, Isodecyl Salicylate, Charcoal Powder, Argania Spinosa Kernel Oil, Curcuma Longa (Turmeric) Root Extract, Salicylic Acid, Tetrahexyldecyl Ascorbate, Calendula Officinalis Extract, Rosmarinus Officinalis (Rosemary) Leaf Extract, Sesamum Indicum (Sesame) Seed Oil, Citrus Aurantium Dulcis (Orange) Peel Oil, Lavandula Angustifolia (Lavender) Oil, Pelargonium Graveolens Flower Oil, Aloe Barbadensis Leaf Extract, Tocopherol, Bisabolol, Diisopropyl Adipate, Limonene, Linalool, BHT, Iron Oxides"
Herbivore Orchid Youth Preserving Facial Oil,64,4.5,200,"Capric Triglycerides (Fractionated Coconut Oil), Cymbidium Grandiflorum (Orchid) Flower Extract, Camellia Oleifera (Camellia) Seed Oil, Simmondsia Chinensis (Jojoba) Seed Oil, Amaranthus Squalane Oil, Tocopherol (Vitamin E), Jasminum Sambac (Jasmine) Extract."
Murad Multi-Vitamin Infusion Oil,72,4.5,213,"Coconut Alkanes, Simmondsia Chinensis (Jojoba) Seed Oil, Cocos Nucifera (Coconut) Oil, Moringa Oleifera Seed Oil, Coco-Caprylate/Caprate, Ethylene/Propylene/Styrene Copolymer, Tocopheryl Acetate, Tetrahexyldecyl Ascorbate, Cannabis Sativa Seed Oil, Rosa Canina Seed Oil, Retinyl Propionate, Linoleic Acid, Linolenic Acid, Tocopherol, Panthenyl Triacetate, Hexylresorcinol, 7-Dehydrocholesterol, Salicylic Acid, Punica Granatum Sterols, Rosmarinus Officinalis (Rosemary) Leaf Extract, Oryza Sativa (Rice) Bran Extract, Helianthus Annuus (Sunflower) Extract, Zea Mays (Corn) Oil, Butylene/Ethylene/Styrene Copolymer, Fragrance (Parfum), Citral, Linalool, Limonene"
Youth To The People Superberry Hydrate + Glow Oil,44,4.7,190,"Helianthus Annuus (Sunflower) Seed Oil*, Dicapryl Carbonate, Simmondsia Chineses (Jojoba) Seed Oil*, Opuntia Tuna Extract(Prickly Pear), Euterpe Oleracea Fruit Extract (Acai), Lycium Barbarum (Goji) Extract, Aristotelia Chilensis (Maqui) Fruit Extract, And Moringa Oleifera Leaf Extract , Squalane Olive, Mixed Tocopherols (Vitamin E), Olea Europaea (Olive) Oil*, Linum Usitatissimum (Flaxseed) Oil*, Borago Officinalis (Borage) Oil*, Rosa Canina (Rosehip) Fruit Oil*, Oenothera Biennis (Evening Primrose) Oil*, Punica Granatum (Pomegranate) Seed Oil*, Vaccinium Macrocarpon (Cranberry) Seed Oil*, Natural Fragrance. *Certified Organic."
ELEMIS Superfood Facial Oil,55,4.5,146,"Prunus Amygdalus Dulcis (Sweet Almond) Oil, Caprylic/Capric Triglyceride, Limnanthes Alba (Meadowfoam) Seed Oil, Linum Usitatissimum (Flax) Seed Oil, Macadamia Ternifolia Seed Oil, Oryza Sativa (Rice) Bran Oil, Papaver Somniferum (Poppy) Seed Oil, Rosa Canina (Rosehip) Fruit Oil, Squalane, Raphanus Sativus (Radish) Seed Extract, Cucumis Sativus (Cucumber) Oil, Brassica Oleracea Italica (Broccoli) Seed Oil, Fragrance (Parfum), Limonene, Citrus Aurantium Dulcis (Sweet Orange) Peel Oil, Amyris Balsamifera Bark Oil, Cymbopogon Martini (Palmarosa) Oil, Geraniol, Linalool, Rosmarinus Officinalis (Rosemary) Leaf Oil, Daucus Carota Sativa (Carrot) Seed Oil, Tocopherol, Helianthus Annuus (Sunflower) Seed Oil, Benzyl Benzoate, Farnesol, Citral, Benzyl Salicylate, Rosmarinus Officinalis (Rosemary) Leaf Extract"
Herbivore Emerald Cannabis Sativa Hemp Seed Deep Moisture Glow Oil,48,4.6,107,"Squalane, Cannabis Sativa (hemp) Seed Oil, Caprylic /Capric Triglyceride (MCT/Fractionated Coconut Oil), Withania Somnifera (Ashwagandha) Leaf Extract, Helianthus Annuus (Sunflower) Seed Oil, Helianthus Annuus (Sunflower) Seed Oil, Lentinus Edodes (Shiitake) Extract, Limnanthes Alba (Meadowfoam) Seed Oil, Borago Ocinalis, Tocopheryl Acetate (Vitamin E), Proprietary Blend of Pure Essential Oils and Absolutes, Melia Azadirachta Leaf Extract, Melia Azadirachta Flower Extract, Amino Esters-1 (ex Mimosa Tenuiflora), Coccinia Indica Fruit Extract, Solanum Melongena (Eggplant) Fruit Extract, Aloe Barbadensis Flower Extract, Ocimum Sanctum Leaf Extract, Ocimum Basilicum (Basil) Flower Extract, Ocimum Basilicum (Basil) Leaf Extract, Curcuma Longa (Turmeric) Root Extract, Corallina Ocinalis Extract"
Mario Badescu Rose Hips Nourishing Oil,22,4.5,160,"Propylene Glycol, Aqua (Water), Rosa Canina Fruit Extract, Glycerin, Rosa Canina Fruit Oil, Phenoxyethanol, Hexylene Glycol, Diazolidinyl Urea, PEG-25 Hydrogenated Castor Oil, PEG-40 Hydrogenated Castor Oil, Methylparaben, Propylparaben"
L'Occitane Immortelle Divine Youth Oil,99,4.4,92,"Caprylic/capric triglyceride, helianthus annuus (sunflower) seed oil, octyldodecanol, coco-caprylate/caprate, squalane, borago officinalis seed oil, helichrysum italicum extract helichrysum italicum flower oil, prunus armeniaca (apricot) kernel oil, oenothera biennis (evening primrose) oil, rosa moschata seed oil, myrtus communis oil, hippophae rhamnoide oil, camelina sativa seed oil, pelargonium graveolens oil, citrus aurantium dulcis (orange) oil, echium plantagineum seed oil, tocopherol, parfum/fragrance, limonene, linalool, geraniol, citronellol, citral"
INDIE LEE Squalane Facial Oil,34,4.6,102,Squalane Oil
Herbivore Phoenix Cell Regenerating Facial Oil,88,4.3,76,"Simmondsia Chinensis (Jojoba) Seed Oil, Rosa Canina (Rosehip) Seed Oil, Limnanthes Alba (Meadowfoam) Seed Oil, Salvia Hispanica (Chia) Seed Oil, CoQ10, Hippophae Rhamnoides L (Sea Buckthorn) Oil, Tocopherol (Vitamin E), Rosa Centifolia Flower Extract (Rose Extract), Citrus Aurantium (Neroli) Oil"
Dr Botanicals Moroccan Rose Superfood Facial Oil,50.99,4.7,54,"Aqua (Water), Butylene Glycol, Almond Oil PEG-8 Esters, Olive Oil PEG-7 Esters, PEG-40 Hydrogenated Castor Oil, Benzyl Alcohol, Phenoxyethanol, Tocopheryl Acetate, Bakuchiol, Polylactic Acid, Disodium EDTA, Dehydroacetic Acid, Glycerin, Parfum (Fragrance), Ethylhexylglycerin, Aloe Barbadensis Leaf Juice Powder, Ascorbyl Glucoside, Charcoal Powder, Hippophae Rhamnoides (Seabuckthorn) Fruit Oil, Pumice, Isomalt, Benzyl Salicylate, Glucose, Hexyl Cinnamal, Citronellol, Subtilisin, Hydrolyzed Pearl, Limonene, Pelargonium Graveolens Flower Oil, Butyrospermum Parkii (SheaButter) Seedcake Extract, Geraniol, Linalool, Citrus Aurantium (Neroli) Flower Oil, Rosa Damascena Flower Oil, Carbomer, Sodium Lactate, Lecithin, Rhododendron Ferrugineum Leaf Cell Culture Extract, Dipeptide Diaminobutyroyl Benzylamide Diacetate, Polysorbate 20, Sodium Benzoate, Lactic Acid, Palmitoyl Tripeptide-1, Palmitoyl Tetrapeptide-7, CI 17200"
Sukin Rose Hip Oil,19.99,4.7,53,Rosa Eglantaria (Rosehip) Oil
Antioxidant Facial Oil by Mad Hippie,24.99,4.5,52,"Argan Oil (Argania Spinosa), Pomegranate Seed Oil (Punica Granatum), Sunflower Seed Oil (Helianthus Annuus), Cranberry Fruit Extract (Vaccinium Macrocarpon), Pomegranate Extract (Punica Granatum) , Blueberry Extact (Vaccinium Angustifolium), Strawberry Fruit Extract (Fragaria Vesca), Kiwi Extract (Actinidia Chinensis), Watermelon Fruit Extract (Citrullus Vulgaris), Grape Seed Extract (Vitis Vinifera), Raspberry Seed Extract (Rubus Idaeus), Camu Camu Fruit Extract (Myrciaria Dubia), Acai Fruit Extract (Euterpe Oleracea), Goji Extract (Lycium Barbarum), Sea Buckthorn Berry Extract (Hippophae Rhamnoides), Hemp Seed Extract (Cannabis Sativa), Broccoli Extract (Brassica Oleracea Italica), Sweet Orange Oil (Citrus Sinensis), Vitamin E (Tocopherol)"
Lancer Omega Hydrating Oil,75,4.5,52,"Vitis Vinifera (Grape) Seed Oil, Simmondsia Chinensis (Jojoba) Seed Wax, Olea Europaea (Olive) Husk Oil, Helianthus Annuus (Sunflower) Seed Oil, Candida Bombicola/Glucose/Methyl Rapeseedate Ferment, Olea Europaea (Olive) Fruit Oil, Isosorbide Dicaprylate, Ethyl Linoleate, Angelica Gigas Root Extract, Lithospermum Erythrorhizon Root Extract, Glycyrrhiza Uralensis (Licorice) Root Extract, Argania Spinosa Kernel Oil, Linum Usitatissimum (Linseed) Seed Oil, Tetrahexyldecyl Ascorbate, Curcuma Longa (Turmeric) Root Oil, Isopropyl Myristate, Chlorophyllin-Copper Complex, Oryza Sativa (Rice) Bran Extract, Rosmarinus Officinalis (Rosemary) Leaf Extract, Helianthus Annuus (Sunflower) Seed Extract, Tocopherol"
First Aid Beauty Ultra Repair Cannabis & Oat Dry Oil,30,4.8,43,"Simmondsia Chinensis (Jojoba) Seed Oil, Isodecyl Neopentanoate, Colloidal Oatmeal, Cannabis Sativa Seed Oil, Borago Officinalis Seed Oil, Rosmarinus Officinalis (Rosemary) Leaf Oil, Persea Gratissima (Avocado) Oil, Butyrospermum Parkii (Shea) Oil, Oryza Sativa (Rice) Bran Extract, Camellia Sinensis Leaf Extract, Ribes Nigrum (Black Currant) Seed Extract, Chlorella Vulgaris Extract, Panax Ginseng Root Extract, Chrysanthemum Parthenium (Feverfew) Extract, Glycyrrhiza Glabra (Licorice) Root Extract, Arnica Montana Flower Extract, Glycerin, Vitis Vinifera (Grape) Seed Oil, Tocopheryl Acetate, Ricinoleth-40, Butylene Glycol, Aqua (Water), Leuconostoc/Radish Root Ferment Filtrate, Phenoxyethanol, EDTA, Citric Acid, Limonene, Linalool"
Caudalie Overnight Recovery Oil,50,4.6,48,"Caprylic/Capric Triglyceride, Vitis Vinifera (Grape) Seed Oil, Simmondsia Chinensis (Jojoba) Seed Oil, Sesamum Indicum (Sesame) Seed Oil, Cymbopogon Martini Oil, Helianthus Annuus (Sunflower) Seed Oil, Rosa Damascena Flower Oil, Rosmarinus Officinalis (Rosemary) Leaf Extract, Geraniol, Citronellol, Linalool, Citral, Farnesol, Eugenol, Limonene"
AMOREPACIFIC Botanical Radiance Oil,105,4.4,44,"Camellia Sinensis Leaf Water, Glycerin, Dipropylene Glycol, Alcohol, Methyl Gluceth-20, Butylene Glycol, Peg-60 Hydrogenated Castor Oil, 1-Hexanediol,2-Hexanediol, Water, Xanthan Gum, Octyldodeceth-16, Parfum, Ethylhexylglycerin, Disodium Edta, Brassica Campestris (Rapeseed) Seed Oil, Camellia Sinensis Seed Oil, Camellia Sinensis Leaf Extract, Caprylyl Glycol, Tocopherol"
Beautycounter No. 3 Balancing Facial Oil,69,4.7,57,"Vitis Vinifera (Grape) Seed Oil, Rosa Canina (Dog Rose Or Rose Hip) Fruit Oil, Sclerocarya Birrea (Marula) Oil, Argania Spinosa (Argan) Kernel Oil*, Limnanthes Alba (Meadowfoam) Seed Oil, Hippophae Rhamnoides (Sea-buckthorn) Fruit Oil, Rosa Damascena (Rose) Flower Oil, Citrus Aurantium Dulcis (Orange) Peel Oil, Citrus Grandis Or Citrus Paradisi (Grapefruit) Peel Oil, Cananga Odorata (Ylang Ylang) Flower Oil, Anthemis Nobilis (Chamomile) Flower Oil"
Measurable Difference 7349 Vitamin E Oil Instant Face & Body Moisturizer,17,4.4,34,"Glycine Soja (Soybean) Oil, Olea Europaea (Olive) Fruit Oil, Fragrance, Tocopheryl Acetate (Vitamin E), Tocopherol, Helianthus Annuus (Sunflower) Seed Oil, Aloe Barbadensis Leaf Juice (Aloe Vera), Lavandula Angustifolia (Lavender) Oil, Chamomilla Recutita (Matricaria) Flower Oil, Orbignya Oleifera (Babassu) Seed Oil"
"Majestic Pure Rosehip Oil 100% Pure, Certified Organic Cold Pressed Premium Rose Hip",13.45,4.9,41,Rosehip Oil
Biossance Squalane + Tea Tree Balancing Oil,49,4.7,41,"Squalane, C13-15 Alkane, Caprylic/Capric Triglyceride, Oryza Sativa (Rice) Bran Extract, Melaleuca Alternifolia (Tea Tree) Leaf Oil, Salix Alba (Willow) Bark Extract, Helianthus Annuus (Sunflower) Seed Extract, Helianthus Annuus (Sunflower) Seed Oil, Physalis Angulata Extract, Lavandula Angustifolia (Lavender) Oil, Rosmarinus Officinalis (Rosemary) Leaf Extract, Tocopherol, Limonene, Linalool"
Beautycounter No. 1 Brightening Facial Oil,69,4.6,52,"Rosa Canina (Dog Rose Or Rose Hip) Fruit Oil, Persea Gratissima (Avocado) Oil, Vitis Vinifera (Grape) Seed Oil, Ribes Nigrum (Black Currant) Seed Oil, Sclerocarya Birrea (Marula) Seed Oil, Limnanthes Alba (Meadowfoam) Seed Oil, Argania Spinosa (Argan) Kernel Oil*, Citrus Aurantium Dulcis (Orange) Peel Oil, Citrus Nobilis (Mandarin Orange) Peel Oil, Tetrahexyldecyl Ascorbate, Tocopherol (Vitamin E), Citrullus Lanatus (Watermelon) Seed Oil, Rosa Damascena (Rose) Flower Oil, Hippophae Rhamnoides (Sea-buckthorn) Fruit Oil"
"Acure Organics - The Essentials Moroccan Argan Oil, Organic Facial Oil",18.99,4.8,31,Argan Oil
Acure Organics - Sensitive Facial Cream Argan Oil,17.98,4.6,30,"jojoba oil, argan oil, aloe vera"
Tata Harper Retinoic Nutrient Face Oil,125,4.5,30,"Rosa Rubiginosa Seed Oil*, Olea Europaea (Olive) Oil*, Simmondsia Chinensis (Jojoba) Seed Oil*, Prunus armeniaca (Apricot) Kernel Oil*, Sambucus Nigra Fruit Extract, Calendula officinalis (Calendula) Flower Extract*, Borago officinalis (Borage) Leaf Extract, Medicago sativa (Alfalfa) Extract*, Arnica montana (Arnica) Extract*, Tilia europaea (Linden) Leaf & Flower Extract*, Aroma**, Benzyl Alcohol, Citral, Citronellol, Geraniol, Limonene, Linalool"
The Face Shop Rice Water Bright Rich Cleansing Oil,9.5,4.2,33,"CETYL ETHYLHEXANOATE,CAPRYLIC/CAPRIC TRIGLYCERIDE,ISOPROPYL MYRISTATE,SORBETH-30 TETRAOLEATE,POLYGLYCERYL-10 DIISOSTEARATE,GLYCERIN,ORYZA SATIVA (RICE) BRAN OIL,ALEURITES MOLUCCANA SEED OIL,CANOLA OIL,ORYZA ATIVA (RICE) EXTRACT,SAPONARIA OFFICINALIS LEAF EXTRACT,WATER/EAU,PARFUM/FRAGRANCE"
"JASÖN Vitamin E Oil 14,000 IU- Lipid Treatment",5.67,4.8,26,"Tocopheryl Acetate, Carthamus Tinctorius (Safflower) Seed Oil*, Helianthus Annuus (Sunflower) Seed Oil*, Oryza Sativa (Rice) Bran Oil, Persea Gratissima (Avocado) Oil, Benzyl Benzoate, Benzyl Salicylate, Citronellol, Eugenol, Geraniol, Limonene, Linalool, Fragrance (Parfum)"
Advanced Clinicals Rosehip Oil Anti-wrinkle Face Oil,21.62,4.7,20,"Caprylic/Capric Triglyceride, isopropyl myristate, fragrance, rosa canina fruit oil, propylene glycol dicaprate, sunflower seed cake, hordeum vulgare extract, cucumber extract, rice bran extract, Rosemary Extract, sunflower extract, tocopherol, BHT"
bareMinerals Mineralixirs 5-Oil Blend,159.99,4.2,22,"rosehip seed oil, camellia seed oil, grape seed oil, apricot kernel seed oil, sunflower seed oil"
Derma E Illuminating Rosehip & Cranberry Face Oil,16.5,4.7,14,"Organic Helianthus Annuus (Sunflower) Seed Oil*, Ethylhexyl Palmitate, Rosa Canina (Rosehip) Fruit Oil, Organic Cocos Nucifera (Coconut) Oil*, Vaccinium Macrocarpon (Cranberry) Seed Oil, Organic Cucurbita Pepo (Pumpkin) Seed Oil*, Organic Hippophae Rhamnoides (Seabuckthorn) Fruit Oil*, Tocopheryl Acetate (Vitamin E), Natural Fragrance Oils"
F. Miller Face Oil,72,4.6,12,"argania spinosa (argan) oil, prunus dulcis (sweet almond) oil, prunus armeniaca (apricot kernel) oil, simmondsia chinensis (jojoba) oil, rosa canina (rosehip seed) oil, oenothera biennis (evening primrose) oil, punica granatum (pomegranate seed) oil, helianthus anuus (sunflower) oil, calendula officinalis extract, calophyllum inophyllum (tamanu) oil, essential oils of citrus aurantium (neroli), jasminum grandiflorum (jasmine), boswellia carterii (frankincense), lavandula angustifolia (lavender), citrus bergamia (bergamot bf)"
Dr. Hauschka Clarifying Day Oil,30.45,4.4,14,"Anthyllis Vulneraria Extract, Prunus Armeniaca (Apricot) Kernel Oil, Prunus Amygdalus Dulcis (Sweet Almond) Oil, Arachis Hypogaea (Peanut) Oil, Daucus Carota Sativa (Carrot) Root Extract, Hypericum Perforatum Flower/Leaf/Stem Extract, Helianthus Annuus (Sunflower) Seed Oil, Calendula Officinalis Flower Extract, Triticum Vulgare (Wheat) Germ Oil, Melia Azadirachta Leaf Extract, Simmondsia Chinensis (Jojoba) Seed Oil, Triticum Vulgare (Wheat) Bran Extract, Fragrance (Parfum), Linalool, Citronellol, Citral, Geraniol, Farnesol, Benzyl Benzoate, Limonene, Eugenol, Benzyl Salicylate, Lecithin, Theobroma Cacao (Cocoa) Seed Butter"
"Cliganic USDA Organic Jojoba Oil, 100% Pure",9.99,4.7,13,Jojoba Oil
Pearlessence Rosehip + Vitamin C Balancing Facial Oil,14.95,4.6,19,"Glycine Soja Oil, Rosehip Oil, Tocopherol, Tetrahexyldecyl Ascorbate (Vitamin C), Fragrance"
NOW Foods - Evening Primrose Oil,11.65,4.4,11,Evening Primrose Oil
The Face Shop Arsainte Aroma Therapy Pure Argan Face Oil,22.9,4.5,7,Argan Oil
Manuka Doctor Replenishing Facial Oil,17.44,3.5,6,"Corylus avellana (Hazel) seed oil, Prunus amygdalus dulcis (Sweet almond) oil, Persea gratissima (Avocado) oil, Vitis vinifera (Grape) seed oil, Triticum vulgare (Wheat) germ oil, Rosa eglentaria (Rosehip) seed oil, Parfum (Fragrance), Leptospermum scoparium branch/leaf oil, Oenothera biennis (Evening primrose) oil, Vaccinium macrocarpon (Cranberry) seed oil, Helianthus annuus (Sunflower) seed oil, Argania spinosa kernel oil, Borago officinalis (Borage) seed oil, Prunus domestica (Plum) seed oil, Prunus persica (Peach) kernel oil, Ribes nigrum (Black currant) seed oil, Rubus idaeus (Raspberry) seed oil, Tocopheryl acetate, Beta-carotene, Daucus carota sativa (Carrot) root extract, Daucus carota sativa (Carrot) seed oil, Ascorbyl palmitate, Citronellol, Coumarin, Hydroxyisohexyl 3-cyclohexene carboxaldehyde, Butylphenyl methylpropional, Limonene, Linalool, Alpha-isomethyl ionone"
Akar Organic Soothe Face Oil,90,4.6,8,"*Adansonia Digitata (Baobab) Seed Oil, *Simmondsia Chinensis (Jojoba) Seed Oil, *Lycium Barbarum (Goji) Seed Oil, *Prunus Amygdalus Dulcis (Almond) Oil, *Hippophae Rhamnoides (Seabuckthorn) Fruit Extract, *Rosa Canina (Rosehip) Seed Extract, *Citrus Aurantium Dulcis (Orange) Peel Oil, *Boswellia Carterii (Frankincense) Oil, *Santalum Spicata Wood (Sandalwood) Oil , *Commiphora Myrrha (Myrrh) Oil, *Helianthus Annuus (Sunflower) Seed oil, *Rosmarinus Officinalis (Rosemary) Leaf Extract"
Desert Essence Balancing Face Oil,11.72,4,6,"Simmondsia Chinensis (Jojoba) Seed Oil, Punica Granatum Seed Oil (Pomegranate), Citrus Aurantium Dulcis (Orange) Peel Oil, Lavandula Angustifolia (Lavender) Oil, Lavandula Hybrida (Lavandin) Oil, Citrus Aurantium Bergamia (Bergamot) Fruit Oil, Piper Nigrum (Pepper) Fruit Oil, Cedrus Atlantica Wood Oil (Cedarwood), Rosmarinus Officinalis (Rosemary) Leaf Oil, Pelargonium Graveolens Flower Oil (Geranium), Cymbopogon Schoenanthus Oil (Lemongrass)"
morgan miller rose hip facial oil,16,4.5,4,"Safflower Seed Oil, Rosa Canina Fruit Oil, Lavandula Angustifolia Oil, Lemon Peel Oil, Tocopheryl Acetate, Lime Oil, Eucalyptus Globulus Leaf Oil, Rosemary Oil, Juniperus Mexicana Oil, Matricaria Flower Oil, Pelargonium Graveolens Flower Oil"
Balance Me Rose Otto Face Oil,41.33,4.4,5,"Olea Europaea (Olive) Fruit Oil, Vitis Vinifera (Grape) Seed Oil, Camellia Oleifera (Camellia) Seed Oil, Limnanthes Alba (Meadowfoam) Seed Oil, Avena Sativa (Oat) Kernel Oil, Simmondsia Chinensis (Jojoba) Seed Oil, Rosa Canina (Rosehip) Fruit Oil, Crambe Abyssinica (Abyssinian) Seed Oil, Borage Officinalis (Borage) Seed Oil, Cucumis Sativus (Cucumber) Fruit Oil, Viola Odorata (Violet) Leaf Oil, Nelumbo Nucifera (Lotus) Flower Extract, Squalane (Olive), Rubus Chamaemorus (Cloudberry) Seed Oil, Tocopherol (Vitamin E), ¹Rosa Damascena (Rose Otto) Flower Oil, ¹Pelargonium Graveolens (Rose Geranium) Flower Oil, ¹Cymbopogon Martini (Palmarosa) Oil, ²Limonene, ²Linalool, ²Geraniol, ²Citral, ²Citronellol, ²Eugenol, ²Farnesol"
Artnaturals Rosehip Oil 100% Pure Cold Pressed Unrefined Carrier Oil,18,4.5,4,Rosehip Oil
Beauty Foundry Clarifying Natural Tea Tree Facial Oil,39.99,4,3,"Refined Coconut (Coco Nucifera) Oil, Natural Brassica Napus Oil, Lavender (Lavandula Angustifolia) Oil, Mentha Piperita (Peppermint) Leaf Extract, Tea Tree Oil (Melaleuca Alternifolia Extract), Cucumis Sativus (Cucumber) Flower Extract, Cucumis Sativus (Cucumber) Fruit Extract, Geranium Maculatum Flower Extract, Citrus Aurantium Amara (Bitter Orange) Flower Extract,Natural Sunflower (Helianthus Annus) Oil, Rosemary (Rosmarinus Officinalis) Leaf Extract, Natural Squalane, Vitamin E (Tocopherol), Fragrance, Beta-Carotene"
Absorb The Face Oil,105,5,1,"Pomegranate Seed CO2 (Punica granatum), *Prickly Pear Seed Oil (Opuntia ficus-indica L.), *Raspberry Seed CO2 (Rubus idaeus), Maracuja Oil (P.incaranata), Neroli (Citrus aurantium L. var. amara), Helichrysum (Helichrysum italicum), *Rosemary Antioxi­dant CO2 (Rosmarinus officinalis)"
"PH Factor 5.5 Tea Tree Face Oil with Witch Hazel, Vitamin E Natural Extracts",17.99,5,1,"Caprylic/Capric Triglyceride, Tea Tree Oil, Rice Bran Extract, Rosemary Extract, Sunflower Extract, Tocopherol, Hamamelis Virginiana Leaf/Bark/Twig Extract"
Kiehl's Daily Reviving Concentrate,47,4.5,578,"Caprylic/Capric Triglyceride,Dicaprylyl Ether,Dicaprylyl Carbonate,Squalane,Canola Oil,Helianthus Annuus Seed Oil Unsaponifiables / Sunflower Seed Oil Unsaponifiables,Tocopherol,Limonene,Citrus Aurantium Dulcis Peel Oil / Orange Peel Oil,Coriandrum Sativum Seed Oil / Coriander Seed Oil,Calophyllum Inophyllum Seed Oil,Rosa Rubiginosa Seed Oil,Citrus Grandis Peel Oil / Grapefruit Peel Oil,Zingiber Officinale Root Oil / Ginger Root Oil,Linalool,Citral,Geraniol,Malpighia Punicifolia / Acerola Fruit Extract"
Aveda Tulasara™ Radiant Oleation Oil,39.9,4.5,18,"Prunus Armeniaca (Apricot) Kernel Oil , Caprylic/Capric Triglyceride , Helianthus Annuus (Sunflower) Seed Oil , Simmondsia Chinensis (Jojoba) Seed Oil , Coco-caprylate/Caprate , Cetearyl Isononanoate , Rosa Canina (Rose) Fruit Oil , Prunus Amygdalus Dulcis (Sweet Almond) Oil , Isostearyl Alcohol , Sesamum Indicum (Sesame) Seed Oil , Rosa Damascena (Rose) Flower Oil , Jasminum Grandiflorum (Jasmine) Flower Extract , Pelargonium Graveolens (Geranium) Flower Oil , Cholesterol , Tocopherol , Rosmarinus Officinalis (Rosemary) Extract , Fragrance (Parfum) , Farnesol , Linalool , Benzyl Salicylate , Citronellol , Citral , Benzyl Benzoate , Geraniol"